"DESCRIPTION","DURATION IN MS","NAME","PARENT SUITE","START TIME","STATUS","STOP TIME","SUB SUITE","SUITE","TEST CLASS","TEST METHOD"
"","275","Consumer gets catalog from the provider. No constraints.","","Mon Aug 11 04:05:44 GMT 2025","passed","Mon Aug 11 04:05:44 GMT 2025","","org.eclipse.tractusx.edc.tests.catalog.CatalogTest","org.eclipse.tractusx.edc.tests.catalog.CatalogTest","requestCatalog_fulfillsPolicy_shouldReturnOffer"
"","6126","transferData_privateBackend()","","Mon Aug 11 04:07:49 GMT 2025","passed","Mon Aug 11 04:07:55 GMT 2025","","org.eclipse.tractusx.edc.tests.transfer.TransferPullEndToEndTest.Dsp08to08","org.eclipse.tractusx.edc.tests.transfer.TransferPullEndToEndTest$Dsp08to08","transferData_privateBackend"
"","561","refreshEdr_whenNotAuthorized()","","Mon Aug 11 04:05:27 GMT 2025","passed","Mon Aug 11 04:05:28 GMT 2025","","org.eclipse.tractusx.edc.tests.edrv2.EdrCacheApiEndToEndTest","org.eclipse.tractusx.edc.tests.edrv2.EdrCacheApiEndToEndTest","refreshEdr_whenNotAuthorized"
"","2060","transferFile_s3ToAzure(Vault)","","Mon Aug 11 04:07:41 GMT 2025","passed","Mon Aug 11 04:07:43 GMT 2025","","org.eclipse.tractusx.edc.dataplane.transfer.test.MultiCloudTest","org.eclipse.tractusx.edc.dataplane.transfer.test.MultiCloudTest","transferFile_s3ToAzure"
"","166","Verify HTTP 403 response when refreshing the token is not allowed","","Mon Aug 11 04:05:22 GMT 2025","passed","Mon Aug 11 04:05:22 GMT 2025","","org.eclipse.tractusx.edc.tests.edrv2.EdrCacheApiEndToEndTest","org.eclipse.tractusx.edc.tests.edrv2.EdrCacheApiEndToEndTest","getEdrWithRefresh_unauthorized"
"","4025","transferData_unsuccessful_notReturnOriginalSourceResponseCode_withTerminate()","","Mon Aug 11 04:06:44 GMT 2025","passed","Mon Aug 11 04:06:48 GMT 2025","","org.eclipse.tractusx.edc.tests.transfer.TransferPullEndToEndTest.Dsp2025to2025","org.eclipse.tractusx.edc.tests.transfer.TransferPullEndToEndTest$Dsp2025to2025","transferData_unsuccessful_notReturnOriginalSourceResponseCode_withTerminate"
"","41","Policy is accepted Dismantler Credential","","Mon Aug 11 04:06:24 GMT 2025","passed","Mon Aug 11 04:06:24 GMT 2025","","org.eclipse.tractusx.edc.tests.policy.PolicyDefinitionEndToEndTest","org.eclipse.tractusx.edc.tests.policy.PolicyDefinitionEndToEndTest","shouldAcceptValidPolicyDefinitions"
"","2476","The Authorization header is missing","","Mon Aug 11 04:04:51 GMT 2025","passed","Mon Aug 11 04:04:54 GMT 2025","","org.eclipse.tractusx.edc.dataplane.tokenrefresh.e2e.DataPlaneTokenRefreshEndToEndTest","org.eclipse.tractusx.edc.dataplane.tokenrefresh.e2e.DataPlaneTokenRefreshEndToEndTest","refresh_missingAuthHeader"
"","1244","The sign key of the authentication token is different from the public key from the DID","","Mon Aug 11 04:05:00 GMT 2025","passed","Mon Aug 11 04:05:01 GMT 2025","","org.eclipse.tractusx.edc.dataplane.tokenrefresh.e2e.DataPlaneTokenRefreshEndToEndTest","org.eclipse.tractusx.edc.dataplane.tokenrefresh.e2e.DataPlaneTokenRefreshEndToEndTest","refresh_spoofedAuthToken"
"","5059","transferData_success_withProxyOriginalResponse()","","Mon Aug 11 04:07:12 GMT 2025","passed","Mon Aug 11 04:07:17 GMT 2025","","org.eclipse.tractusx.edc.tests.transfer.TransferPullEndToEndTest.Dsp2025to2025","org.eclipse.tractusx.edc.tests.transfer.TransferPullEndToEndTest$Dsp2025to2025","transferData_success_withProxyOriginalResponse"
"","5812","transferData_privateBackend()","","Mon Aug 11 04:06:45 GMT 2025","passed","Mon Aug 11 04:06:50 GMT 2025","","org.eclipse.tractusx.edc.tests.transfer.DimConsumerPullTest","org.eclipse.tractusx.edc.tests.transfer.DimConsumerPullTest","transferData_privateBackend"
"","42","4.3.3 Verify invalid access token - incorrect aud","","Mon Aug 11 04:05:11 GMT 2025","passed","Mon Aug 11 04:05:11 GMT 2025","","org.eclipse.dataspacetck.dcp.verification.presentation.verifier.PresentationFlowSection4Test","org.eclipse.dataspacetck.dcp.verification.presentation.verifier.PresentationFlowSection4Test","verifier_04_03_03_idTokenIncorrectAud"
"","940","shouldFail_whenDestinationBucketDoesNotExist()","","Mon Aug 11 04:07:57 GMT 2025","passed","Mon Aug 11 04:07:58 GMT 2025","","org.eclipse.tractusx.edc.dataplane.transfer.test.S3ToS3Test","org.eclipse.tractusx.edc.dataplane.transfer.test.S3ToS3Test","shouldFail_whenDestinationBucketDoesNotExist"
"","3309","Contract policy is fulfilled DataExchangeGovernance use case","","Mon Aug 11 04:08:35 GMT 2025","passed","Mon Aug 11 04:08:39 GMT 2025","","org.eclipse.tractusx.edc.tests.transfer.StsConsumerPullTest","org.eclipse.tractusx.edc.tests.transfer.StsConsumerPullTest","transferData_whenContractPolicyFulfilled"
"","6545","Verify all existing TPs related to an agreement are terminated upon its retirement","","Mon Aug 11 04:06:03 GMT 2025","passed","Mon Aug 11 04:06:10 GMT 2025","","org.eclipse.tractusx.edc.tests.transfer.RetireAgreementTest","org.eclipse.tractusx.edc.tests.transfer.RetireAgreementTest","retireAgreement_shouldCloseTransferProcesses"
"","3979","transferData_unsuccessful_notReturnOriginalSourceResponseCode_withTerminate()","","Mon Aug 11 04:08:06 GMT 2025","passed","Mon Aug 11 04:08:10 GMT 2025","","org.eclipse.tractusx.edc.tests.transfer.TransferPullEndToEndTest.Dsp08to08","org.eclipse.tractusx.edc.tests.transfer.TransferPullEndToEndTest$Dsp08to08","transferData_unsuccessful_notReturnOriginalSourceResponseCode_withTerminate"
"","1251","Policy is accepted MembershipCredential","","Mon Aug 11 04:06:21 GMT 2025","passed","Mon Aug 11 04:06:22 GMT 2025","","org.eclipse.tractusx.edc.tests.policy.PolicyDefinitionEndToEndTest","org.eclipse.tractusx.edc.tests.policy.PolicyDefinitionEndToEndTest","shouldNotAcceptInvalidValidPolicyDefinitions"
"","42","Policy is accepted Affiliates Region (IS_ANY_OF, one element)","","Mon Aug 11 04:06:24 GMT 2025","passed","Mon Aug 11 04:06:24 GMT 2025","","org.eclipse.tractusx.edc.tests.policy.PolicyDefinitionEndToEndTest","org.eclipse.tractusx.edc.tests.policy.PolicyDefinitionEndToEndTest","shouldAcceptValidPolicyDefinitions"
"","1998","Contract policy is NOT fulfilled Dismantler allowedBrands (IS_NONE_OF, but is one contains)","","Mon Aug 11 04:08:22 GMT 2025","passed","Mon Aug 11 04:08:24 GMT 2025","","org.eclipse.tractusx.edc.tests.transfer.StsConsumerPullTest","org.eclipse.tractusx.edc.tests.transfer.StsConsumerPullTest","transferData_whenContractPolicyNotFulfilled"
"","1674","trigger_shouldReturnSuccess_whenAllValidationsSucceed()","","Mon Aug 11 04:05:40 GMT 2025","passed","Mon Aug 11 04:05:42 GMT 2025","","org.eclipse.tractusx.edc.tests.transfer.DataFlowApiEndToEndTest","org.eclipse.tractusx.edc.tests.transfer.DataFlowApiEndToEndTest","trigger_shouldReturnSuccess_whenAllValidationsSucceed"
"","34","Policy is accepted Dismantler Credential","","Mon Aug 11 04:06:23 GMT 2025","passed","Mon Aug 11 04:06:23 GMT 2025","","org.eclipse.tractusx.edc.tests.policy.PolicyDefinitionEndToEndTest","org.eclipse.tractusx.edc.tests.policy.PolicyDefinitionEndToEndTest","shouldNotAcceptInvalidValidPolicyDefinitions"
"","79","5.4.2.1 Verifier should reject a presentation response message that contains a different credential than requested","","Mon Aug 11 04:05:11 GMT 2025","passed","Mon Aug 11 04:05:12 GMT 2025","","org.eclipse.dataspacetck.dcp.verification.presentation.verifier.PresentationFlowSection5Test","org.eclipse.dataspacetck.dcp.verification.presentation.verifier.PresentationFlowSection5Test","verifier_05_04_02_01_presentationResponse_tooFewCredentials"
"","2049","transferFolder_targetFolderNotExists_shouldCreate(Vault)","","Mon Aug 11 04:07:22 GMT 2025","passed","Mon Aug 11 04:07:24 GMT 2025","","org.eclipse.tractusx.edc.dataplane.transfer.test.AzureToAzureTest","org.eclipse.tractusx.edc.dataplane.transfer.test.AzureToAzureTest","transferFolder_targetFolderNotExists_shouldCreate"
"","2209","transferFile_success()","","Mon Aug 11 04:07:55 GMT 2025","passed","Mon Aug 11 04:07:57 GMT 2025","","org.eclipse.tractusx.edc.dataplane.transfer.test.S3ToS3Test","org.eclipse.tractusx.edc.dataplane.transfer.test.S3ToS3Test","transferFile_success"
"","3659","transferData_privateBackend()","","Mon Aug 11 04:08:07 GMT 2025","passed","Mon Aug 11 04:08:10 GMT 2025","","org.eclipse.tractusx.edc.tests.transfer.StsConsumerPullTest","org.eclipse.tractusx.edc.tests.transfer.StsConsumerPullTest","transferData_privateBackend"
"","6074","transferData_privateBackend_withConsumerDataPlane()","","Mon Aug 11 04:07:55 GMT 2025","passed","Mon Aug 11 04:08:01 GMT 2025","","org.eclipse.tractusx.edc.tests.transfer.TransferPullEndToEndTest.Dsp08to08","org.eclipse.tractusx.edc.tests.transfer.TransferPullEndToEndTest$Dsp08to08","transferData_privateBackend_withConsumerDataPlane"
"","6055","azureBlobPush_withDestFolder()","","Mon Aug 11 04:05:59 GMT 2025","passed","Mon Aug 11 04:06:05 GMT 2025","","org.eclipse.tractusx.edc.tests.transfer.AzureToAzureEndToEndTest","org.eclipse.tractusx.edc.tests.transfer.AzureToAzureEndToEndTest","azureBlobPush_withDestFolder"
"","2973","Contract policy is fulfilled Dismantler allowedBrands (IS_NONE_OF, no intersect)","","Mon Aug 11 04:07:31 GMT 2025","passed","Mon Aug 11 04:07:34 GMT 2025","","org.eclipse.tractusx.edc.tests.transfer.DimConsumerPullTest","org.eclipse.tractusx.edc.tests.transfer.DimConsumerPullTest","transferData_whenContractPolicyFulfilled"
"","3001","Contract policy is fulfilled PCF Use Case (legacy notation)","","Mon Aug 11 04:07:10 GMT 2025","passed","Mon Aug 11 04:07:13 GMT 2025","","org.eclipse.tractusx.edc.tests.transfer.DimConsumerPullTest","org.eclipse.tractusx.edc.tests.transfer.DimConsumerPullTest","transferData_whenContractPolicyFulfilled"
"","318","Provider gets 400 when empty asset selector is used","","Mon Aug 11 04:06:00 GMT 2025","passed","Mon Aug 11 04:06:01 GMT 2025","","org.eclipse.tractusx.edc.tests.validators.EmptyAssetSelectorValidatorTest","org.eclipse.tractusx.edc.tests.validators.EmptyAssetSelectorValidatorTest","shouldFail_whenContractDefinitionHasEmptyAssetSelector"
"","99","X.X Verifier should reject Presentations where at least 1 credential schema is violated","","Mon Aug 11 04:05:11 GMT 2025","passed","Mon Aug 11 04:05:11 GMT 2025","","org.eclipse.dataspacetck.dcp.verification.presentation.verifier.PresentationFlowSection5Test","org.eclipse.dataspacetck.dcp.verification.presentation.verifier.PresentationFlowSection5Test","verifier_x_x_presentationResponse_invalidCredentialSchema"
"","3094","Contract policy is fulfilled Dismantler allowedBrands (IS_ANY_OF, one intersects)","","Mon Aug 11 04:07:25 GMT 2025","passed","Mon Aug 11 04:07:28 GMT 2025","","org.eclipse.tractusx.edc.tests.transfer.DimConsumerPullTest","org.eclipse.tractusx.edc.tests.transfer.DimConsumerPullTest","transferData_whenContractPolicyFulfilled"
"","169","4.3.3 Verify invalid access token - jti","","Mon Aug 11 04:05:10 GMT 2025","passed","Mon Aug 11 04:05:11 GMT 2025","","org.eclipse.dataspacetck.dcp.verification.presentation.verifier.PresentationFlowSection4Test","org.eclipse.dataspacetck.dcp.verification.presentation.verifier.PresentationFlowSection4Test","verifier_04_03_03_idTokenJtiUsedTwice"
"","65","BusinessPartnerUpdated event is published","","Mon Aug 11 04:05:45 GMT 2025","passed","Mon Aug 11 04:05:45 GMT 2025","","org.eclipse.tractusx.edc.tests.bpn.events.BusinessPartnerEventTest","org.eclipse.tractusx.edc.tests.bpn.events.BusinessPartnerEventTest","shouldPublishBusinessPartnerUpdatedEvent"
"","3287","transferData_privateBackend_withConsumerDataPlane()","","Mon Aug 11 04:08:10 GMT 2025","passed","Mon Aug 11 04:08:14 GMT 2025","","org.eclipse.tractusx.edc.tests.transfer.StsConsumerPullTest","org.eclipse.tractusx.edc.tests.transfer.StsConsumerPullTest","transferData_privateBackend_withConsumerDataPlane"
"","255","Verify that the consumer receives only the offers he is permitted to (using the new BPN validation)","","Mon Aug 11 04:06:24 GMT 2025","passed","Mon Aug 11 04:06:24 GMT 2025","","org.eclipse.tractusx.edc.tests.catalog.CatalogTest","org.eclipse.tractusx.edc.tests.catalog.CatalogTest","requestCatalog_filteredByBpn_shouldReject"
"","45","Policy is accepted Affiliates BPNL","","Mon Aug 11 04:06:24 GMT 2025","passed","Mon Aug 11 04:06:24 GMT 2025","","org.eclipse.tractusx.edc.tests.policy.PolicyDefinitionEndToEndTest","org.eclipse.tractusx.edc.tests.policy.PolicyDefinitionEndToEndTest","shouldAcceptValidPolicyDefinitions"
"","7867","transferData_withSuspendResume()","","Mon Aug 11 04:07:17 GMT 2025","passed","Mon Aug 11 04:07:25 GMT 2025","","org.eclipse.tractusx.edc.tests.transfer.TransferPullEndToEndTest.Dsp2025to2025","org.eclipse.tractusx.edc.tests.transfer.TransferPullEndToEndTest$Dsp2025to2025","transferData_withSuspendResume"
"","1575","Contract policy is NOT fulfilled Dismantler activityType does not match","","Mon Aug 11 04:06:59 GMT 2025","passed","Mon Aug 11 04:07:01 GMT 2025","","org.eclipse.tractusx.edc.tests.transfer.DimConsumerPullTest","org.eclipse.tractusx.edc.tests.transfer.DimConsumerPullTest","transferData_whenContractPolicyNotFulfilled"
"","1992","Contract policy is NOT fulfilled Dismantler allowedBrands (NEQ, but is equal)","","Mon Aug 11 04:08:20 GMT 2025","passed","Mon Aug 11 04:08:22 GMT 2025","","org.eclipse.tractusx.edc.tests.transfer.StsConsumerPullTest","org.eclipse.tractusx.edc.tests.transfer.StsConsumerPullTest","transferData_whenContractPolicyNotFulfilled"
"","240","Verify that the consumer receives only the offers he is permitted to (using the legacy BPN validation)","","Mon Aug 11 04:06:25 GMT 2025","passed","Mon Aug 11 04:06:25 GMT 2025","","org.eclipse.tractusx.edc.tests.catalog.CatalogTest","org.eclipse.tractusx.edc.tests.catalog.CatalogTest","requestCatalog_filteredByBpnLegacy_shouldReject"
"","2050","transferFile_s3ToAzureMultipleFiles(Vault)","","Mon Aug 11 04:07:45 GMT 2025","passed","Mon Aug 11 04:07:47 GMT 2025","","org.eclipse.tractusx.edc.dataplane.transfer.test.MultiCloudTest","org.eclipse.tractusx.edc.dataplane.transfer.test.MultiCloudTest","transferFile_s3ToAzureMultipleFiles"
"","25","Policy is accepted Contract reference","","Mon Aug 11 04:06:23 GMT 2025","passed","Mon Aug 11 04:06:23 GMT 2025","","org.eclipse.tractusx.edc.tests.policy.PolicyDefinitionEndToEndTest","org.eclipse.tractusx.edc.tests.policy.PolicyDefinitionEndToEndTest","shouldNotAcceptInvalidValidPolicyDefinitions"
"","39","5.4.3.6 Verifier should reject a credential that is not yet valid","","Mon Aug 11 04:05:11 GMT 2025","passed","Mon Aug 11 04:05:11 GMT 2025","","org.eclipse.dataspacetck.dcp.verification.presentation.verifier.PresentationFlowSection5Test","org.eclipse.dataspacetck.dcp.verification.presentation.verifier.PresentationFlowSection5Test","verifier_05_04_03_06_presentationResponse_notYetValidCredential"
"","2728","Contract policy is fulfilled PCF Use Case (new notation)","","Mon Aug 11 04:08:33 GMT 2025","passed","Mon Aug 11 04:08:35 GMT 2025","","org.eclipse.tractusx.edc.tests.transfer.StsConsumerPullTest","org.eclipse.tractusx.edc.tests.transfer.StsConsumerPullTest","transferData_whenContractPolicyFulfilled"
"","49","Policy is accepted Usage Purpose","","Mon Aug 11 04:06:24 GMT 2025","passed","Mon Aug 11 04:06:24 GMT 2025","","org.eclipse.tractusx.edc.tests.policy.PolicyDefinitionEndToEndTest","org.eclipse.tractusx.edc.tests.policy.PolicyDefinitionEndToEndTest","shouldAcceptValidPolicyDefinitions"
"","2043","transferFile_targetContainerNotExist_shouldFail(Vault)","","Mon Aug 11 04:07:24 GMT 2025","passed","Mon Aug 11 04:07:26 GMT 2025","","org.eclipse.tractusx.edc.dataplane.transfer.test.AzureToAzureTest","org.eclipse.tractusx.edc.dataplane.transfer.test.AzureToAzureTest","transferFile_targetContainerNotExist_shouldFail"
"","2718","transferFile_azureToS3MultipleFiles(Vault)","","Mon Aug 11 04:07:36 GMT 2025","passed","Mon Aug 11 04:07:39 GMT 2025","","org.eclipse.tractusx.edc.dataplane.transfer.test.MultiCloudTest","org.eclipse.tractusx.edc.dataplane.transfer.test.MultiCloudTest","transferFile_azureToS3MultipleFiles"
"","48","4.3.3 Verify invalid access token - iss and sub different","","Mon Aug 11 04:05:10 GMT 2025","passed","Mon Aug 11 04:05:10 GMT 2025","","org.eclipse.dataspacetck.dcp.verification.presentation.verifier.PresentationFlowSection4Test","org.eclipse.dataspacetck.dcp.verification.presentation.verifier.PresentationFlowSection4Test","verifier_04_03_03_idTokenInvalidSub"
"","4219","transferData_privateBackend_withConsumerDataPlane()","","Mon Aug 11 04:06:35 GMT 2025","passed","Mon Aug 11 04:06:40 GMT 2025","","org.eclipse.tractusx.edc.tests.transfer.TransferPullEndToEndTest.Dsp2025to2025","org.eclipse.tractusx.edc.tests.transfer.TransferPullEndToEndTest$Dsp2025to2025","transferData_privateBackend_withConsumerDataPlane"
"","3260","Run TCK Presentation Flow tests","","Mon Aug 11 04:05:08 GMT 2025","passed","Mon Aug 11 04:05:12 GMT 2025","","org.eclipse.tractusx.edc.tests.tck.dcp.DcpPresentationFlowTest","org.eclipse.tractusx.edc.tests.tck.dcp.DcpPresentationFlowTest","runPresentationFlowTests"
"","3061","Contract policy is fulfilled Dismantler allowedBrands (IN, fully contained)","","Mon Aug 11 04:07:34 GMT 2025","passed","Mon Aug 11 04:07:37 GMT 2025","","org.eclipse.tractusx.edc.tests.transfer.DimConsumerPullTest","org.eclipse.tractusx.edc.tests.transfer.DimConsumerPullTest","transferData_whenContractPolicyFulfilled"
"","157","triggerDataTransfer_shouldFail_whenDataFlowIsNotInStartedState()","","Mon Aug 11 04:05:43 GMT 2025","passed","Mon Aug 11 04:05:43 GMT 2025","","org.eclipse.tractusx.edc.tests.transfer.DataFlowApiEndToEndTest","org.eclipse.tractusx.edc.tests.transfer.DataFlowApiEndToEndTest","triggerDataTransfer_shouldFail_whenDataFlowIsNotInStartedState"
"","2202","Contract policy is NOT fulfilled Dismantler allowedBrands (NEQ, but is equal)","","Mon Aug 11 04:07:01 GMT 2025","passed","Mon Aug 11 04:07:03 GMT 2025","","org.eclipse.tractusx.edc.tests.transfer.DimConsumerPullTest","org.eclipse.tractusx.edc.tests.transfer.DimConsumerPullTest","transferData_whenContractPolicyNotFulfilled"
"","84","5.4.2.4 Verifier should reject an a presentation where a requested credential is missing","","Mon Aug 11 04:05:11 GMT 2025","passed","Mon Aug 11 04:05:11 GMT 2025","","org.eclipse.dataspacetck.dcp.verification.presentation.verifier.PresentationFlowSection5Test","org.eclipse.dataspacetck.dcp.verification.presentation.verifier.PresentationFlowSection5Test","verifier_05_04_02_04_presentationResponse_emptyCredentials"
"","145","5.4.3.6 Verifier should reject Presentations where at least 1 credential is revoked/suspended","","Mon Aug 11 04:05:11 GMT 2025","passed","Mon Aug 11 04:05:11 GMT 2025","","org.eclipse.dataspacetck.dcp.verification.presentation.verifier.PresentationFlowSection5Test","org.eclipse.dataspacetck.dcp.verification.presentation.verifier.PresentationFlowSection5Test","verifier_05_04_03_06_presentationResponse_credentialRevoked"
"","6741","httpPushDataTransfer()","","Mon Aug 11 04:09:12 GMT 2025","passed","Mon Aug 11 04:09:19 GMT 2025","","org.eclipse.tractusx.edc.tests.transfer.TransferPushEndToEndTest.Dsp2025to2025","org.eclipse.tractusx.edc.tests.transfer.TransferPushEndToEndTest$Dsp2025to2025","httpPushDataTransfer"
"","31","Policy is accepted Dismantler Cred (activity type)","","Mon Aug 11 04:06:23 GMT 2025","passed","Mon Aug 11 04:06:23 GMT 2025","","org.eclipse.tractusx.edc.tests.policy.PolicyDefinitionEndToEndTest","org.eclipse.tractusx.edc.tests.policy.PolicyDefinitionEndToEndTest","shouldNotAcceptInvalidValidPolicyDefinitions"
"","36","Policy is accepted Dismantler allowedBrands (EQ, exact match)","","Mon Aug 11 04:06:23 GMT 2025","passed","Mon Aug 11 04:06:23 GMT 2025","","org.eclipse.tractusx.edc.tests.policy.PolicyDefinitionEndToEndTest","org.eclipse.tractusx.edc.tests.policy.PolicyDefinitionEndToEndTest","shouldNotAcceptInvalidValidPolicyDefinitions"
"","2705","Contract policy is fulfilled Dismantler Cred (activity type)","","Mon Aug 11 04:08:42 GMT 2025","passed","Mon Aug 11 04:08:44 GMT 2025","","org.eclipse.tractusx.edc.tests.transfer.StsConsumerPullTest","org.eclipse.tractusx.edc.tests.transfer.StsConsumerPullTest","transferData_whenContractPolicyFulfilled"
"","51","Policy is accepted PCF Use Case (new notation)","","Mon Aug 11 04:06:24 GMT 2025","passed","Mon Aug 11 04:06:24 GMT 2025","","org.eclipse.tractusx.edc.tests.policy.PolicyDefinitionEndToEndTest","org.eclipse.tractusx.edc.tests.policy.PolicyDefinitionEndToEndTest","shouldAcceptValidPolicyDefinitions"
"","28","Policy is accepted Dismantler allowedBrands (IN, fully contained)","","Mon Aug 11 04:06:23 GMT 2025","passed","Mon Aug 11 04:06:23 GMT 2025","","org.eclipse.tractusx.edc.tests.policy.PolicyDefinitionEndToEndTest","org.eclipse.tractusx.edc.tests.policy.PolicyDefinitionEndToEndTest","shouldNotAcceptInvalidValidPolicyDefinitions"
"","77","5.4.3 Verifier should reject Presentations where the holder does not match the credentialSubject.id","","Mon Aug 11 04:05:11 GMT 2025","passed","Mon Aug 11 04:05:11 GMT 2025","","org.eclipse.dataspacetck.dcp.verification.presentation.verifier.PresentationFlowSection5Test","org.eclipse.dataspacetck.dcp.verification.presentation.verifier.PresentationFlowSection5Test","verifier_05_04_03_presentationResponse_holderNotEqualSubjectId"
"","179","Verify HTTP 200 response and body when refreshing succeeds","","Mon Aug 11 04:05:27 GMT 2025","passed","Mon Aug 11 04:05:27 GMT 2025","","org.eclipse.tractusx.edc.tests.edrv2.EdrCacheApiEndToEndTest","org.eclipse.tractusx.edc.tests.edrv2.EdrCacheApiEndToEndTest","getEdrWithRefresh_success"
"","1988","Contract policy is NOT fulfilled Dismantler activityType does not match","","Mon Aug 11 04:08:18 GMT 2025","passed","Mon Aug 11 04:08:20 GMT 2025","","org.eclipse.tractusx.edc.tests.transfer.StsConsumerPullTest","org.eclipse.tractusx.edc.tests.transfer.StsConsumerPullTest","transferData_whenContractPolicyNotFulfilled"
"","1266","The refresh token does not match the stored one","","Mon Aug 11 04:04:59 GMT 2025","passed","Mon Aug 11 04:05:00 GMT 2025","","org.eclipse.tractusx.edc.dataplane.tokenrefresh.e2e.DataPlaneTokenRefreshEndToEndTest","org.eclipse.tractusx.edc.dataplane.tokenrefresh.e2e.DataPlaneTokenRefreshEndToEndTest","refresh_withWrongRefreshToken"
"","2049","transferFile_success(Vault)","","Mon Aug 11 04:07:20 GMT 2025","passed","Mon Aug 11 04:07:22 GMT 2025","","org.eclipse.tractusx.edc.dataplane.transfer.test.AzureToAzureTest","org.eclipse.tractusx.edc.dataplane.transfer.test.AzureToAzureTest","transferFile_success"
"","4074","transferData_failing_withProxyOriginalResponse()","","Mon Aug 11 04:08:10 GMT 2025","passed","Mon Aug 11 04:08:14 GMT 2025","","org.eclipse.tractusx.edc.tests.transfer.TransferPullEndToEndTest.Dsp08to08","org.eclipse.tractusx.edc.tests.transfer.TransferPullEndToEndTest$Dsp08to08","transferData_failing_withProxyOriginalResponse"
"","2093","transferFile_s3ToAzureMultipleFiles_whenConsumerDefinesBloblName_success(Vault)","","Mon Aug 11 04:07:39 GMT 2025","passed","Mon Aug 11 04:07:41 GMT 2025","","org.eclipse.tractusx.edc.dataplane.transfer.test.MultiCloudTest","org.eclipse.tractusx.edc.dataplane.transfer.test.MultiCloudTest","transferFile_s3ToAzureMultipleFiles_whenConsumerDefinesBloblName_success"
"","1996","Contract policy is NOT fulfilled Traceability Use Case (new notation)","","Mon Aug 11 04:08:16 GMT 2025","passed","Mon Aug 11 04:08:18 GMT 2025","","org.eclipse.tractusx.edc.tests.transfer.StsConsumerPullTest","org.eclipse.tractusx.edc.tests.transfer.StsConsumerPullTest","transferData_whenContractPolicyNotFulfilled"
"","49","Policy is accepted PCF Use Case (legacy notation)","","Mon Aug 11 04:06:23 GMT 2025","passed","Mon Aug 11 04:06:24 GMT 2025","","org.eclipse.tractusx.edc.tests.policy.PolicyDefinitionEndToEndTest","org.eclipse.tractusx.edc.tests.policy.PolicyDefinitionEndToEndTest","shouldAcceptValidPolicyDefinitions"
"","23","Verifier should reject an auth token without the Bearer prefix","","Mon Aug 11 04:05:10 GMT 2025","passed","Mon Aug 11 04:05:10 GMT 2025","","org.eclipse.dataspacetck.dcp.verification.presentation.verifier.PresentationFlowSection4Test","org.eclipse.dataspacetck.dcp.verification.presentation.verifier.PresentationFlowSection4Test","presentationResponse_rejectMissingBearerPrefix"
"","30","Policy is accepted Dismantler allowedBrands (IS_NONE_OF, no intersect)","","Mon Aug 11 04:06:23 GMT 2025","passed","Mon Aug 11 04:06:23 GMT 2025","","org.eclipse.tractusx.edc.tests.policy.PolicyDefinitionEndToEndTest","org.eclipse.tractusx.edc.tests.policy.PolicyDefinitionEndToEndTest","shouldNotAcceptInvalidValidPolicyDefinitions"
"","17367","Malicious actor should not impersonate a consumer sending a valid consumer VP","","Mon Aug 11 04:05:42 GMT 2025","passed","Mon Aug 11 04:06:00 GMT 2025","","org.eclipse.tractusx.edc.tests.transfer.CredentialSpoofTest","org.eclipse.tractusx.edc.tests.transfer.CredentialSpoofTest","shouldNotImpersonateConsumer_withConsumerPresentation"
"","151","Expect the Catalog request to fail if a credential is expired","","Mon Aug 11 04:08:14 GMT 2025","passed","Mon Aug 11 04:08:14 GMT 2025","","org.eclipse.tractusx.edc.tests.transfer.StsConsumerPullTest","org.eclipse.tractusx.edc.tests.transfer.StsConsumerPullTest","catalogRequest_whenCredentialExpired"
"","1996","Contract policy is NOT fulfilled Dismantler allowedBrands (IN, but not subset)","","Mon Aug 11 04:08:24 GMT 2025","passed","Mon Aug 11 04:08:26 GMT 2025","","org.eclipse.tractusx.edc.tests.transfer.StsConsumerPullTest","org.eclipse.tractusx.edc.tests.transfer.StsConsumerPullTest","transferData_whenContractPolicyNotFulfilled"
"","1301","The Authorization header is empty","","Mon Aug 11 04:04:54 GMT 2025","passed","Mon Aug 11 04:04:55 GMT 2025","","org.eclipse.tractusx.edc.dataplane.tokenrefresh.e2e.DataPlaneTokenRefreshEndToEndTest","org.eclipse.tractusx.edc.dataplane.tokenrefresh.e2e.DataPlaneTokenRefreshEndToEndTest","refresh_emptyAuthHeader"
"","10648","httpPushNonFiniteDataTransfer()","","Mon Aug 11 04:09:55 GMT 2025","passed","Mon Aug 11 04:10:05 GMT 2025","","org.eclipse.tractusx.edc.tests.transfer.TransferPushEndToEndTest.Dsp08to08","org.eclipse.tractusx.edc.tests.transfer.TransferPushEndToEndTest$Dsp08to08","httpPushNonFiniteDataTransfer"
"","9552","transferData_withSuspendResume()","","Mon Aug 11 04:08:39 GMT 2025","passed","Mon Aug 11 04:08:48 GMT 2025","","org.eclipse.tractusx.edc.tests.transfer.TransferPullEndToEndTest.Dsp08to08","org.eclipse.tractusx.edc.tests.transfer.TransferPullEndToEndTest$Dsp08to08","transferData_withSuspendResume"
"","3000","Contract policy is fulfilled Dismantler Credential","","Mon Aug 11 04:07:19 GMT 2025","passed","Mon Aug 11 04:07:22 GMT 2025","","org.eclipse.tractusx.edc.tests.transfer.DimConsumerPullTest","org.eclipse.tractusx.edc.tests.transfer.DimConsumerPullTest","transferData_whenContractPolicyFulfilled"
"","3295","Contract policy is fulfilled Dismantler allowedBrands (IS_NONE_OF, no intersect)","","Mon Aug 11 04:08:50 GMT 2025","passed","Mon Aug 11 04:08:54 GMT 2025","","org.eclipse.tractusx.edc.tests.transfer.StsConsumerPullTest","org.eclipse.tractusx.edc.tests.transfer.StsConsumerPullTest","transferData_whenContractPolicyFulfilled"
"","1263","Refresh token is null or empty (missing) [2] ","","Mon Aug 11 04:04:56 GMT 2025","passed","Mon Aug 11 04:04:58 GMT 2025","","org.eclipse.tractusx.edc.dataplane.tokenrefresh.e2e.DataPlaneTokenRefreshEndToEndTest","org.eclipse.tractusx.edc.dataplane.tokenrefresh.e2e.DataPlaneTokenRefreshEndToEndTest","refresh_invalidRefreshToken"
"","5","verifyCorrectParticipantAgentId(ParticipantAgentService)","","Mon Aug 11 04:07:48 GMT 2025","passed","Mon Aug 11 04:07:48 GMT 2025","","org.eclipse.tractusx.edc.tests.transfer.IdentityExtractorTest","org.eclipse.tractusx.edc.tests.transfer.IdentityExtractorTest","verifyCorrectParticipantAgentId"
"","39879","Catalog with 1000 offers","","Mon Aug 11 04:05:44 GMT 2025","passed","Mon Aug 11 04:06:24 GMT 2025","","org.eclipse.tractusx.edc.tests.catalog.CatalogTest","org.eclipse.tractusx.edc.tests.catalog.CatalogTest","requestCatalog_of1000Assets_shouldContainAll"
"","56","Provider gets 200 when asset selector has a valid criterion","","Mon Aug 11 04:06:01 GMT 2025","passed","Mon Aug 11 04:06:01 GMT 2025","","org.eclipse.tractusx.edc.tests.validators.EmptyAssetSelectorValidatorTest","org.eclipse.tractusx.edc.tests.validators.EmptyAssetSelectorValidatorTest","shouldPass_whenContractDefinitionHasCorrectAssetSelector"
"","50","Policy is accepted Dismantler allowedBrands (EQ, exact match)","","Mon Aug 11 04:06:24 GMT 2025","passed","Mon Aug 11 04:06:24 GMT 2025","","org.eclipse.tractusx.edc.tests.policy.PolicyDefinitionEndToEndTest","org.eclipse.tractusx.edc.tests.policy.PolicyDefinitionEndToEndTest","shouldAcceptValidPolicyDefinitions"
"","729","4.3.3 Verify invalid access token - nbf in future","","Mon Aug 11 04:05:09 GMT 2025","passed","Mon Aug 11 04:05:10 GMT 2025","","org.eclipse.dataspacetck.dcp.verification.presentation.verifier.PresentationFlowSection4Test","org.eclipse.dataspacetck.dcp.verification.presentation.verifier.PresentationFlowSection4Test","verifier_04_03_03_idTokenNbfInFuture"
"","30","Policy is accepted Usage Purpose","","Mon Aug 11 04:06:23 GMT 2025","passed","Mon Aug 11 04:06:23 GMT 2025","","org.eclipse.tractusx.edc.tests.policy.PolicyDefinitionEndToEndTest","org.eclipse.tractusx.edc.tests.policy.PolicyDefinitionEndToEndTest","shouldNotAcceptInvalidValidPolicyDefinitions"
"","8530","transferData_withAutomaticRefresh()","","Mon Aug 11 04:10:24 GMT 2025","passed","Mon Aug 11 04:10:32 GMT 2025","","org.eclipse.tractusx.edc.tests.transfer.TransferWithTokenRefreshTest","org.eclipse.tractusx.edc.tests.transfer.TransferWithTokenRefreshTest","transferData_withAutomaticRefresh"
"","3846","transferData_privateBackend_withConsumerDataPlane()","","Mon Aug 11 04:06:50 GMT 2025","passed","Mon Aug 11 04:06:54 GMT 2025","","org.eclipse.tractusx.edc.tests.transfer.DimConsumerPullTest","org.eclipse.tractusx.edc.tests.transfer.DimConsumerPullTest","transferData_privateBackend_withConsumerDataPlane"
"","12463","shouldTerminateTransfer_whenPolicyExpires()","","Mon Aug 11 04:06:45 GMT 2025","passed","Mon Aug 11 04:06:58 GMT 2025","","org.eclipse.tractusx.edc.tests.policy.PolicyMonitorEndToEndTest","org.eclipse.tractusx.edc.tests.policy.PolicyMonitorEndToEndTest","shouldTerminateTransfer_whenPolicyExpires"
"","4273","transferData_successful_notReturnOriginalSourceResponseCode_withTerminate()","","Mon Aug 11 04:07:25 GMT 2025","passed","Mon Aug 11 04:07:29 GMT 2025","","org.eclipse.tractusx.edc.tests.transfer.TransferPullEndToEndTest.Dsp2025to2025","org.eclipse.tractusx.edc.tests.transfer.TransferPullEndToEndTest$Dsp2025to2025","transferData_successful_notReturnOriginalSourceResponseCode_withTerminate"
"","217","Multiple ContractDefinitions exist for one Asset","","Mon Aug 11 04:06:24 GMT 2025","passed","Mon Aug 11 04:06:25 GMT 2025","","org.eclipse.tractusx.edc.tests.catalog.CatalogTest","org.eclipse.tractusx.edc.tests.catalog.CatalogTest","requestCatalog_multipleOffersForAsset"
"","15847","Malicious actor should not impersonate a consumer by creating a VP with the consumer membership credential","","Mon Aug 11 04:06:00 GMT 2025","passed","Mon Aug 11 04:06:15 GMT 2025","","org.eclipse.tractusx.edc.tests.transfer.CredentialSpoofTest","org.eclipse.tractusx.edc.tests.transfer.CredentialSpoofTest","shouldNotImpersonateConsumer_withWrappedConsumerCredential"
"","6768","httpPushDataTransfer()","","Mon Aug 11 04:09:48 GMT 2025","passed","Mon Aug 11 04:09:55 GMT 2025","","org.eclipse.tractusx.edc.tests.transfer.TransferPushEndToEndTest.Dsp08to08","org.eclipse.tractusx.edc.tests.transfer.TransferPushEndToEndTest$Dsp08to08","httpPushDataTransfer"
"","2167","Contract policy is NOT fulfilled Dismantler allowedBrands (IN, but not subset)","","Mon Aug 11 04:07:05 GMT 2025","passed","Mon Aug 11 04:07:07 GMT 2025","","org.eclipse.tractusx.edc.tests.transfer.DimConsumerPullTest","org.eclipse.tractusx.edc.tests.transfer.DimConsumerPullTest","transferData_whenContractPolicyNotFulfilled"
"","2984","Contract policy is fulfilled PCF Use Case (legacy notation)","","Mon Aug 11 04:08:30 GMT 2025","passed","Mon Aug 11 04:08:33 GMT 2025","","org.eclipse.tractusx.edc.tests.transfer.StsConsumerPullTest","org.eclipse.tractusx.edc.tests.transfer.StsConsumerPullTest","transferData_whenContractPolicyFulfilled"
"","6170","transferFile_success()","","Mon Aug 11 04:07:12 GMT 2025","passed","Mon Aug 11 04:07:19 GMT 2025","","org.eclipse.tractusx.edc.tests.transfer.S3ToS3EndToEndTest","org.eclipse.tractusx.edc.tests.transfer.S3ToS3EndToEndTest","transferFile_success"
"","1370","BusinessPartnerCreated event is published","","Mon Aug 11 04:05:44 GMT 2025","passed","Mon Aug 11 04:05:45 GMT 2025","","org.eclipse.tractusx.edc.tests.bpn.events.BusinessPartnerEventTest","org.eclipse.tractusx.edc.tests.bpn.events.BusinessPartnerEventTest","shouldPublishBusinessPartnerCreatedEvent"
"","42","Policy is accepted PCF Use Case (legacy notation)","","Mon Aug 11 04:06:22 GMT 2025","passed","Mon Aug 11 04:06:22 GMT 2025","","org.eclipse.tractusx.edc.tests.policy.PolicyDefinitionEndToEndTest","org.eclipse.tractusx.edc.tests.policy.PolicyDefinitionEndToEndTest","shouldNotAcceptInvalidValidPolicyDefinitions"
"","1245","Refresh token success","","Mon Aug 11 04:05:03 GMT 2025","passed","Mon Aug 11 04:05:04 GMT 2025","","org.eclipse.tractusx.edc.dataplane.tokenrefresh.e2e.DataPlaneTokenRefreshEndToEndTest","org.eclipse.tractusx.edc.dataplane.tokenrefresh.e2e.DataPlaneTokenRefreshEndToEndTest","refresh_success"
"","11970","shouldTransferOneGbFile()","","Mon Aug 11 04:07:58 GMT 2025","passed","Mon Aug 11 04:08:10 GMT 2025","","org.eclipse.tractusx.edc.dataplane.transfer.test.S3ToS3Test","org.eclipse.tractusx.edc.dataplane.transfer.test.S3ToS3Test","shouldTransferOneGbFile"
"","38","Verifier should resolve the DID from the prover's ID token","","Mon Aug 11 04:05:11 GMT 2025","passed","Mon Aug 11 04:05:11 GMT 2025","","org.eclipse.dataspacetck.dcp.verification.presentation.verifier.PresentationFlowSection5Test","org.eclipse.dataspacetck.dcp.verification.presentation.verifier.PresentationFlowSection5Test","presentationResponse_endpointDiscovery"
"","31","5.4.2.3 Verifier should reject an empty 'presentation' array","","Mon Aug 11 04:05:11 GMT 2025","passed","Mon Aug 11 04:05:11 GMT 2025","","org.eclipse.dataspacetck.dcp.verification.presentation.verifier.PresentationFlowSection5Test","org.eclipse.dataspacetck.dcp.verification.presentation.verifier.PresentationFlowSection5Test","verifier_05_04_02_03_presentationResponse_emptyPresentations"
"","40","Policy is accepted Dismantler Cred (activity type)","","Mon Aug 11 04:06:24 GMT 2025","passed","Mon Aug 11 04:06:24 GMT 2025","","org.eclipse.tractusx.edc.tests.policy.PolicyDefinitionEndToEndTest","org.eclipse.tractusx.edc.tests.policy.PolicyDefinitionEndToEndTest","shouldAcceptValidPolicyDefinitions"
"","86","BusinessPartnerDeleted event is published","","Mon Aug 11 04:05:45 GMT 2025","passed","Mon Aug 11 04:05:45 GMT 2025","","org.eclipse.tractusx.edc.tests.bpn.events.BusinessPartnerEventTest","org.eclipse.tractusx.edc.tests.bpn.events.BusinessPartnerEventTest","shouldPublishBusinessPartnerDeletedEvent"
"","36","Policy is accepted Dismantler allowedBrands (IS_ANY_OF, one intersects)","","Mon Aug 11 04:06:23 GMT 2025","passed","Mon Aug 11 04:06:23 GMT 2025","","org.eclipse.tractusx.edc.tests.policy.PolicyDefinitionEndToEndTest","org.eclipse.tractusx.edc.tests.policy.PolicyDefinitionEndToEndTest","shouldNotAcceptInvalidValidPolicyDefinitions"
"","19033","transferFile_largeFile(long, Vault) File size bytes: 536870912","","Mon Aug 11 04:06:44 GMT 2025","passed","Mon Aug 11 04:07:03 GMT 2025","","org.eclipse.tractusx.edc.dataplane.transfer.test.AzureToAzureTest","org.eclipse.tractusx.edc.dataplane.transfer.test.AzureToAzureTest","transferFile_largeFile"
"","154","Verify the refresh endpoint is not called when token not yet expired","","Mon Aug 11 04:05:21 GMT 2025","passed","Mon Aug 11 04:05:21 GMT 2025","","org.eclipse.tractusx.edc.tests.edrv2.EdrCacheApiEndToEndTest","org.eclipse.tractusx.edc.tests.edrv2.EdrCacheApiEndToEndTest","getEdrWithRefresh_notExpired_shouldNotCallEndpoint"
"","2965","Contract policy is fulfilled DataExchangeGovernance use case","","Mon Aug 11 04:07:16 GMT 2025","passed","Mon Aug 11 04:07:19 GMT 2025","","org.eclipse.tractusx.edc.tests.transfer.DimConsumerPullTest","org.eclipse.tractusx.edc.tests.transfer.DimConsumerPullTest","transferData_whenContractPolicyFulfilled"
"","5363","When multiple requests to refresh, to different edrs, verify all return non expired token","","Mon Aug 11 04:05:22 GMT 2025","passed","Mon Aug 11 04:05:27 GMT 2025","","org.eclipse.tractusx.edc.tests.edrv2.EdrCacheApiEndToEndTest","org.eclipse.tractusx.edc.tests.edrv2.EdrCacheApiEndToEndTest","getEdrWithRefresh_subsequentRequestReturn"
"","43","4.3.3 Verify invalid access token - sub does not match DID document id","","Mon Aug 11 04:05:11 GMT 2025","passed","Mon Aug 11 04:05:11 GMT 2025","","org.eclipse.dataspacetck.dcp.verification.presentation.verifier.PresentationFlowSection4Test","org.eclipse.dataspacetck.dcp.verification.presentation.verifier.PresentationFlowSection4Test","verifier_04_03_03_idTokenIncorrectSub"
"","59","4.3.3 Verify invalid access token - expired","","Mon Aug 11 04:05:10 GMT 2025","passed","Mon Aug 11 04:05:10 GMT 2025","","org.eclipse.dataspacetck.dcp.verification.presentation.verifier.PresentationFlowSection4Test","org.eclipse.dataspacetck.dcp.verification.presentation.verifier.PresentationFlowSection4Test","verifier_04_03_03_idTokenExpired"
"","15257","transferData_withTerminate()","","Mon Aug 11 04:06:52 GMT 2025","passed","Mon Aug 11 04:07:07 GMT 2025","","org.eclipse.tractusx.edc.tests.transfer.TransferPullEndToEndTest.Dsp2025to2025","org.eclipse.tractusx.edc.tests.transfer.TransferPullEndToEndTest$Dsp2025to2025","transferData_withTerminate"
"","2895","Contract policy is fulfilled MembershipCredential","","Mon Aug 11 04:07:07 GMT 2025","passed","Mon Aug 11 04:07:10 GMT 2025","","org.eclipse.tractusx.edc.tests.transfer.DimConsumerPullTest","org.eclipse.tractusx.edc.tests.transfer.DimConsumerPullTest","transferData_whenContractPolicyFulfilled"
"","4455","The authentication token misses required claims: token","","Mon Aug 11 04:04:47 GMT 2025","passed","Mon Aug 11 04:04:51 GMT 2025","","org.eclipse.tractusx.edc.dataplane.tokenrefresh.e2e.DataPlaneTokenRefreshEndToEndTest","org.eclipse.tractusx.edc.dataplane.tokenrefresh.e2e.DataPlaneTokenRefreshEndToEndTest","refresh_invalidAuthenticationToken_missingAccessToken"
"","2053","Contract policy is NOT fulfilled Sustainability Use Case (legacy notation)","","Mon Aug 11 04:08:14 GMT 2025","passed","Mon Aug 11 04:08:16 GMT 2025","","org.eclipse.tractusx.edc.tests.transfer.StsConsumerPullTest","org.eclipse.tractusx.edc.tests.transfer.StsConsumerPullTest","transferData_whenContractPolicyNotFulfilled"
"","9","verifyAgentId_whenNoMembershipCredential(ParticipantAgentService)","","Mon Aug 11 04:07:48 GMT 2025","passed","Mon Aug 11 04:07:48 GMT 2025","","org.eclipse.tractusx.edc.tests.transfer.IdentityExtractorTest","org.eclipse.tractusx.edc.tests.transfer.IdentityExtractorTest","verifyAgentId_whenNoMembershipCredential"
"","80","5.4.3.7 Verifier should reject an expired credential","","Mon Aug 11 04:05:11 GMT 2025","passed","Mon Aug 11 04:05:11 GMT 2025","","org.eclipse.dataspacetck.dcp.verification.presentation.verifier.PresentationFlowSection5Test","org.eclipse.dataspacetck.dcp.verification.presentation.verifier.PresentationFlowSection5Test","verifier_05_04_03_07_presentationResponse_expiredCredential"
"","2073","transferMultipleFile_success(Vault)","","Mon Aug 11 04:07:18 GMT 2025","passed","Mon Aug 11 04:07:20 GMT 2025","","org.eclipse.tractusx.edc.dataplane.transfer.test.AzureToAzureTest","org.eclipse.tractusx.edc.dataplane.transfer.test.AzureToAzureTest","transferMultipleFile_success"
"","14562","transferFile_largeFile(long, Vault) File size bytes: 1073741824","","Mon Aug 11 04:07:03 GMT 2025","passed","Mon Aug 11 04:07:18 GMT 2025","","org.eclipse.tractusx.edc.dataplane.transfer.test.AzureToAzureTest","org.eclipse.tractusx.edc.dataplane.transfer.test.AzureToAzureTest","transferFile_largeFile"
"","52","4.3.1 Verifier should reject an ID token that does not contain an access token","","Mon Aug 11 04:05:10 GMT 2025","passed","Mon Aug 11 04:05:10 GMT 2025","","org.eclipse.dataspacetck.dcp.verification.presentation.verifier.PresentationFlowSection4Test","org.eclipse.dataspacetck.dcp.verification.presentation.verifier.PresentationFlowSection4Test","verifier_04_03_01_presentationResponse_idTokenNoTokenClaim"
"","45","Policy is accepted Affiliates Region","","Mon Aug 11 04:06:24 GMT 2025","passed","Mon Aug 11 04:06:24 GMT 2025","","org.eclipse.tractusx.edc.tests.policy.PolicyDefinitionEndToEndTest","org.eclipse.tractusx.edc.tests.policy.PolicyDefinitionEndToEndTest","shouldAcceptValidPolicyDefinitions"
"","41","Policy is accepted Dismantler allowedBrands (IS_NONE_OF, no intersect)","","Mon Aug 11 04:06:24 GMT 2025","passed","Mon Aug 11 04:06:24 GMT 2025","","org.eclipse.tractusx.edc.tests.policy.PolicyDefinitionEndToEndTest","org.eclipse.tractusx.edc.tests.policy.PolicyDefinitionEndToEndTest","shouldAcceptValidPolicyDefinitions"
"","8025","transferData_withExpiredEdr_shouldReturn4xx()","","Mon Aug 11 04:10:32 GMT 2025","passed","Mon Aug 11 04:10:40 GMT 2025","","org.eclipse.tractusx.edc.tests.transfer.TransferWithTokenRefreshTest","org.eclipse.tractusx.edc.tests.transfer.TransferWithTokenRefreshTest","transferData_withExpiredEdr_shouldReturn4xx"
"","287","Expect the Catalog request to fail if a credential is revoked","","Mon Aug 11 04:08:14 GMT 2025","passed","Mon Aug 11 04:08:14 GMT 2025","","org.eclipse.tractusx.edc.tests.transfer.StsConsumerPullTest","org.eclipse.tractusx.edc.tests.transfer.StsConsumerPullTest","catalogRequest_whenCredentialRevoked"
"","4075","transferData_success_withProxyOriginalResponse_withoutSourceResponseBody()","","Mon Aug 11 04:06:40 GMT 2025","passed","Mon Aug 11 04:06:44 GMT 2025","","org.eclipse.tractusx.edc.tests.transfer.TransferPullEndToEndTest.Dsp2025to2025","org.eclipse.tractusx.edc.tests.transfer.TransferPullEndToEndTest$Dsp2025to2025","transferData_success_withProxyOriginalResponse_withoutSourceResponseBody"
"","1237","The authentication token misses required claims: audience","","Mon Aug 11 04:05:01 GMT 2025","passed","Mon Aug 11 04:05:03 GMT 2025","","org.eclipse.tractusx.edc.dataplane.tokenrefresh.e2e.DataPlaneTokenRefreshEndToEndTest","org.eclipse.tractusx.edc.dataplane.tokenrefresh.e2e.DataPlaneTokenRefreshEndToEndTest","refresh_invalidAuthenticationToken_missingAudience"
"","33","Provider gets 400 when no asset selector is used","","Mon Aug 11 04:06:01 GMT 2025","passed","Mon Aug 11 04:06:01 GMT 2025","","org.eclipse.tractusx.edc.tests.validators.EmptyAssetSelectorValidatorTest","org.eclipse.tractusx.edc.tests.validators.EmptyAssetSelectorValidatorTest","shouldFail_whenContractDefinitionHasNoAssetSelector"
"","4562","Verify that the callbacks are invoked when negotiating an EDR","","Mon Aug 11 04:05:47 GMT 2025","passed","Mon Aug 11 04:05:51 GMT 2025","","org.eclipse.tractusx.edc.tests.edrv2.NegotiateEdrTest","org.eclipse.tractusx.edc.tests.edrv2.NegotiateEdrTest","negotiateEdr_shouldInvokeCallbacks"
"","1261","The authentication token has a invalid id","","Mon Aug 11 04:04:58 GMT 2025","passed","Mon Aug 11 04:04:59 GMT 2025","","org.eclipse.tractusx.edc.dataplane.tokenrefresh.e2e.DataPlaneTokenRefreshEndToEndTest","org.eclipse.tractusx.edc.dataplane.tokenrefresh.e2e.DataPlaneTokenRefreshEndToEndTest","refresh_invalidTokenId"
"","2718","Contract policy is fulfilled Dismantler allowedBrands (IN, fully contained)","","Mon Aug 11 04:08:54 GMT 2025","passed","Mon Aug 11 04:08:56 GMT 2025","","org.eclipse.tractusx.edc.tests.transfer.StsConsumerPullTest","org.eclipse.tractusx.edc.tests.transfer.StsConsumerPullTest","transferData_whenContractPolicyFulfilled"
"","38","Policy is accepted PCF Use Case (new notation)","","Mon Aug 11 04:06:23 GMT 2025","passed","Mon Aug 11 04:06:23 GMT 2025","","org.eclipse.tractusx.edc.tests.policy.PolicyDefinitionEndToEndTest","org.eclipse.tractusx.edc.tests.policy.PolicyDefinitionEndToEndTest","shouldNotAcceptInvalidValidPolicyDefinitions"
"","8374","transferFile_withBucketCreation_success()","","Mon Aug 11 04:07:04 GMT 2025","passed","Mon Aug 11 04:07:12 GMT 2025","","org.eclipse.tractusx.edc.tests.transfer.S3ToS3EndToEndTest","org.eclipse.tractusx.edc.tests.transfer.S3ToS3EndToEndTest","transferFile_withBucketCreation_success"
"","70","Policy is accepted In force date policy","","Mon Aug 11 04:06:24 GMT 2025","passed","Mon Aug 11 04:06:24 GMT 2025","","org.eclipse.tractusx.edc.tests.policy.PolicyDefinitionEndToEndTest","org.eclipse.tractusx.edc.tests.policy.PolicyDefinitionEndToEndTest","shouldAcceptValidPolicyDefinitions"
"","2044","transferFile_azureToS3(Vault)","","Mon Aug 11 04:07:43 GMT 2025","passed","Mon Aug 11 04:07:45 GMT 2025","","org.eclipse.tractusx.edc.dataplane.transfer.test.MultiCloudTest","org.eclipse.tractusx.edc.dataplane.transfer.test.MultiCloudTest","transferFile_azureToS3"
"","157","refreshEdr_whenNotFound()","","Mon Aug 11 04:05:21 GMT 2025","passed","Mon Aug 11 04:05:22 GMT 2025","","org.eclipse.tractusx.edc.tests.edrv2.EdrCacheApiEndToEndTest","org.eclipse.tractusx.edc.tests.edrv2.EdrCacheApiEndToEndTest","refreshEdr_whenNotFound"
"","2721","Contract policy is fulfilled Dismantler allowedBrands (EQ, exact match)","","Mon Aug 11 04:08:48 GMT 2025","passed","Mon Aug 11 04:08:50 GMT 2025","","org.eclipse.tractusx.edc.tests.transfer.StsConsumerPullTest","org.eclipse.tractusx.edc.tests.transfer.StsConsumerPullTest","transferData_whenContractPolicyFulfilled"
"","2991","Contract policy is fulfilled Dismantler Credential","","Mon Aug 11 04:08:39 GMT 2025","passed","Mon Aug 11 04:08:42 GMT 2025","","org.eclipse.tractusx.edc.tests.transfer.StsConsumerPullTest","org.eclipse.tractusx.edc.tests.transfer.StsConsumerPullTest","transferData_whenContractPolicyFulfilled"
"","2049","transferMultipleFiles()","","Mon Aug 11 04:08:10 GMT 2025","passed","Mon Aug 11 04:08:12 GMT 2025","","org.eclipse.tractusx.edc.dataplane.transfer.test.S3ToS3Test","org.eclipse.tractusx.edc.dataplane.transfer.test.S3ToS3Test","transferMultipleFiles"
"","38","Policy is accepted Dismantler allowedBrands (IS_ANY_OF, one intersects)","","Mon Aug 11 04:06:24 GMT 2025","passed","Mon Aug 11 04:06:24 GMT 2025","","org.eclipse.tractusx.edc.tests.policy.PolicyDefinitionEndToEndTest","org.eclipse.tractusx.edc.tests.policy.PolicyDefinitionEndToEndTest","shouldAcceptValidPolicyDefinitions"
"","498","Policy is accepted MembershipCredential","","Mon Aug 11 04:06:23 GMT 2025","passed","Mon Aug 11 04:06:23 GMT 2025","","org.eclipse.tractusx.edc.tests.policy.PolicyDefinitionEndToEndTest","org.eclipse.tractusx.edc.tests.policy.PolicyDefinitionEndToEndTest","shouldAcceptValidPolicyDefinitions"
"","43","Policy is accepted DataExchangeGovernance use case","","Mon Aug 11 04:06:24 GMT 2025","passed","Mon Aug 11 04:06:24 GMT 2025","","org.eclipse.tractusx.edc.tests.policy.PolicyDefinitionEndToEndTest","org.eclipse.tractusx.edc.tests.policy.PolicyDefinitionEndToEndTest","shouldAcceptValidPolicyDefinitions"
"","2462","Consumer gets cached catalog with provider entry","","Mon Aug 11 04:06:45 GMT 2025","passed","Mon Aug 11 04:06:47 GMT 2025","","org.eclipse.tractusx.edc.tests.catalog.FederatedCatalogTest","org.eclipse.tractusx.edc.tests.catalog.FederatedCatalogTest","requestCatalog_fulfillsPolicy_shouldReturnOffer"
"","1841","shouldDelegateAuth()","","Mon Aug 11 04:05:46 GMT 2025","passed","Mon Aug 11 04:05:48 GMT 2025","","org.eclipse.tractusx.edc.tests.auth.DelegatedAuthEndToEndTest","org.eclipse.tractusx.edc.tests.auth.DelegatedAuthEndToEndTest","shouldDelegateAuth"
"","194","Expect the Catalog request to fail if a credential is expired","","Mon Aug 11 04:06:55 GMT 2025","passed","Mon Aug 11 04:06:55 GMT 2025","","org.eclipse.tractusx.edc.tests.transfer.DimConsumerPullTest","org.eclipse.tractusx.edc.tests.transfer.DimConsumerPullTest","catalogRequest_whenCredentialExpired"
"","4468","transferData_success_withProxyOriginalResponse_withoutSourceResponseBody()","","Mon Aug 11 04:08:01 GMT 2025","passed","Mon Aug 11 04:08:06 GMT 2025","","org.eclipse.tractusx.edc.tests.transfer.TransferPullEndToEndTest.Dsp08to08","org.eclipse.tractusx.edc.tests.transfer.TransferPullEndToEndTest$Dsp08to08","transferData_success_withProxyOriginalResponse_withoutSourceResponseBody"
"","2133","Contract policy is NOT fulfilled Dismantler allowedBrands (IS_NONE_OF, but is one contains)","","Mon Aug 11 04:07:03 GMT 2025","passed","Mon Aug 11 04:07:05 GMT 2025","","org.eclipse.tractusx.edc.tests.transfer.DimConsumerPullTest","org.eclipse.tractusx.edc.tests.transfer.DimConsumerPullTest","transferData_whenContractPolicyNotFulfilled"
"","2186","Contract policy is NOT fulfilled Sustainability Use Case (legacy notation)","","Mon Aug 11 04:06:55 GMT 2025","passed","Mon Aug 11 04:06:57 GMT 2025","","org.eclipse.tractusx.edc.tests.transfer.DimConsumerPullTest","org.eclipse.tractusx.edc.tests.transfer.DimConsumerPullTest","transferData_whenContractPolicyNotFulfilled"
"","63","5.4.2.2 Verifier should accept a presentation response message that contains more credentials than requested","","Mon Aug 11 04:05:11 GMT 2025","passed","Mon Aug 11 04:05:11 GMT 2025","","org.eclipse.dataspacetck.dcp.verification.presentation.verifier.PresentationFlowSection5Test","org.eclipse.dataspacetck.dcp.verification.presentation.verifier.PresentationFlowSection5Test","verifier_05_04_02_02_presentationResponse_tooManyCredentials"
"","5350","transferData_privateBackend()","","Mon Aug 11 04:06:30 GMT 2025","passed","Mon Aug 11 04:06:35 GMT 2025","","org.eclipse.tractusx.edc.tests.transfer.TransferPullEndToEndTest.Dsp2025to2025","org.eclipse.tractusx.edc.tests.transfer.TransferPullEndToEndTest$Dsp2025to2025","transferData_privateBackend"
"","39","Policy is accepted Affiliates Region (IS_ANY_OF, one element)","","Mon Aug 11 04:06:23 GMT 2025","passed","Mon Aug 11 04:06:23 GMT 2025","","org.eclipse.tractusx.edc.tests.policy.PolicyDefinitionEndToEndTest","org.eclipse.tractusx.edc.tests.policy.PolicyDefinitionEndToEndTest","shouldNotAcceptInvalidValidPolicyDefinitions"
"","687","triggerDataTransfer_shouldFail_whenDataFlowIsNotPushFlowType()","","Mon Aug 11 04:05:42 GMT 2025","passed","Mon Aug 11 04:05:43 GMT 2025","","org.eclipse.tractusx.edc.tests.transfer.DataFlowApiEndToEndTest","org.eclipse.tractusx.edc.tests.transfer.DataFlowApiEndToEndTest","triggerDataTransfer_shouldFail_whenDataFlowIsNotPushFlowType"
"","2179","Contract policy is NOT fulfilled Traceability Use Case (new notation)","","Mon Aug 11 04:06:57 GMT 2025","passed","Mon Aug 11 04:06:59 GMT 2025","","org.eclipse.tractusx.edc.tests.transfer.DimConsumerPullTest","org.eclipse.tractusx.edc.tests.transfer.DimConsumerPullTest","transferData_whenContractPolicyNotFulfilled"
"","10761","httpPushNonFiniteDataTransfer()","","Mon Aug 11 04:09:19 GMT 2025","passed","Mon Aug 11 04:09:30 GMT 2025","","org.eclipse.tractusx.edc.tests.transfer.TransferPushEndToEndTest.Dsp2025to2025","org.eclipse.tractusx.edc.tests.transfer.TransferPushEndToEndTest$Dsp2025to2025","httpPushNonFiniteDataTransfer"
"","420","retireAgreement_shouldFail_whenAgreementDoesNotExist()","","Mon Aug 11 04:06:03 GMT 2025","passed","Mon Aug 11 04:06:03 GMT 2025","","org.eclipse.tractusx.edc.tests.transfer.RetireAgreementTest","org.eclipse.tractusx.edc.tests.transfer.RetireAgreementTest","retireAgreement_shouldFail_whenAgreementDoesNotExist"
"","5096","transferData_success_withProxyOriginalResponse()","","Mon Aug 11 04:08:33 GMT 2025","passed","Mon Aug 11 04:08:39 GMT 2025","","org.eclipse.tractusx.edc.tests.transfer.TransferPullEndToEndTest.Dsp08to08","org.eclipse.tractusx.edc.tests.transfer.TransferPullEndToEndTest$Dsp08to08","transferData_success_withProxyOriginalResponse"
"","3539","Contract policy is fulfilled MembershipCredential","","Mon Aug 11 04:08:26 GMT 2025","passed","Mon Aug 11 04:08:30 GMT 2025","","org.eclipse.tractusx.edc.tests.transfer.StsConsumerPullTest","org.eclipse.tractusx.edc.tests.transfer.StsConsumerPullTest","transferData_whenContractPolicyFulfilled"
"","348","Expect the Catalog request to fail if a credential is revoked","","Mon Aug 11 04:06:54 GMT 2025","passed","Mon Aug 11 04:06:55 GMT 2025","","org.eclipse.tractusx.edc.tests.transfer.DimConsumerPullTest","org.eclipse.tractusx.edc.tests.transfer.DimConsumerPullTest","catalogRequest_whenCredentialRevoked"
"","4083","transferData_failing_withProxyOriginalResponse()","","Mon Aug 11 04:06:48 GMT 2025","passed","Mon Aug 11 04:06:52 GMT 2025","","org.eclipse.tractusx.edc.tests.transfer.TransferPullEndToEndTest.Dsp2025to2025","org.eclipse.tractusx.edc.tests.transfer.TransferPullEndToEndTest$Dsp2025to2025","transferData_failing_withProxyOriginalResponse"
"","32","Policy is accepted DataExchangeGovernance use case","","Mon Aug 11 04:06:23 GMT 2025","passed","Mon Aug 11 04:06:23 GMT 2025","","org.eclipse.tractusx.edc.tests.policy.PolicyDefinitionEndToEndTest","org.eclipse.tractusx.edc.tests.policy.PolicyDefinitionEndToEndTest","shouldNotAcceptInvalidValidPolicyDefinitions"
"","2963","Contract policy is fulfilled Dismantler Cred (activity type)","","Mon Aug 11 04:07:22 GMT 2025","passed","Mon Aug 11 04:07:25 GMT 2025","","org.eclipse.tractusx.edc.tests.transfer.DimConsumerPullTest","org.eclipse.tractusx.edc.tests.transfer.DimConsumerPullTest","transferData_whenContractPolicyFulfilled"
"","173","triggerDataTransfer_shouldFail_whenDataFlowIsFinite()","","Mon Aug 11 04:05:43 GMT 2025","passed","Mon Aug 11 04:05:43 GMT 2025","","org.eclipse.tractusx.edc.tests.transfer.DataFlowApiEndToEndTest","org.eclipse.tractusx.edc.tests.transfer.DataFlowApiEndToEndTest","triggerDataTransfer_shouldFail_whenDataFlowIsFinite"
"","141","triggerDataTransfer_shouldFail_whenDataFlowDoesNotExist()","","Mon Aug 11 04:05:43 GMT 2025","passed","Mon Aug 11 04:05:43 GMT 2025","","org.eclipse.tractusx.edc.tests.transfer.DataFlowApiEndToEndTest","org.eclipse.tractusx.edc.tests.transfer.DataFlowApiEndToEndTest","triggerDataTransfer_shouldFail_whenDataFlowDoesNotExist"
"","46","4.3.3 Verify invalid access token - auth token bound to a different iss/sub","","Mon Aug 11 04:05:10 GMT 2025","passed","Mon Aug 11 04:05:10 GMT 2025","","org.eclipse.dataspacetck.dcp.verification.presentation.verifier.PresentationFlowSection4Test","org.eclipse.dataspacetck.dcp.verification.presentation.verifier.PresentationFlowSection4Test","verifier_04_03_03_idTokenInvalidIssuerSub"
"","3065","Contract policy is fulfilled PCF Use Case (new notation)","","Mon Aug 11 04:07:13 GMT 2025","passed","Mon Aug 11 04:07:16 GMT 2025","","org.eclipse.tractusx.edc.tests.transfer.DimConsumerPullTest","org.eclipse.tractusx.edc.tests.transfer.DimConsumerPullTest","transferData_whenContractPolicyFulfilled"
"","2830","Verify that the consumer receives only the offers he is permitted to (using the legacy BPN validation)","","Mon Aug 11 04:05:41 GMT 2025","passed","Mon Aug 11 04:05:44 GMT 2025","","org.eclipse.tractusx.edc.tests.catalog.CatalogTest","org.eclipse.tractusx.edc.tests.catalog.CatalogTest","requestCatalog_filteredByBpnLegacy_WithNamespace_shouldReject"
"","2975","Contract policy is fulfilled Dismantler allowedBrands (EQ, exact match)","","Mon Aug 11 04:07:28 GMT 2025","passed","Mon Aug 11 04:07:31 GMT 2025","","org.eclipse.tractusx.edc.tests.transfer.DimConsumerPullTest","org.eclipse.tractusx.edc.tests.transfer.DimConsumerPullTest","transferData_whenContractPolicyFulfilled"
"","4495","transferData_successful_notReturnOriginalSourceResponseCode_withTerminate()","","Mon Aug 11 04:08:48 GMT 2025","passed","Mon Aug 11 04:08:53 GMT 2025","","org.eclipse.tractusx.edc.tests.transfer.TransferPullEndToEndTest.Dsp08to08","org.eclipse.tractusx.edc.tests.transfer.TransferPullEndToEndTest$Dsp08to08","transferData_successful_notReturnOriginalSourceResponseCode_withTerminate"
"","87","5.1 Verifier should accept a valid PresentationResponseMessage","","Mon Aug 11 04:05:12 GMT 2025","passed","Mon Aug 11 04:05:12 GMT 2025","","org.eclipse.dataspacetck.dcp.verification.presentation.verifier.PresentationFlowSection5Test","org.eclipse.dataspacetck.dcp.verification.presentation.verifier.PresentationFlowSection5Test","verifier_05_01_presentationResponse_success"
"","2506","Verify the refresh endpoint is not called when auto_refresh=false","","Mon Aug 11 04:05:18 GMT 2025","passed","Mon Aug 11 04:05:20 GMT 2025","","org.eclipse.tractusx.edc.tests.edrv2.EdrCacheApiEndToEndTest","org.eclipse.tractusx.edc.tests.edrv2.EdrCacheApiEndToEndTest","getEdrWithRefresh_whenNotAutorefresh_shouldNotCallEndpoint"
"","7176","azureBlobPush_containerNotExist()","","Mon Aug 11 04:06:05 GMT 2025","passed","Mon Aug 11 04:06:13 GMT 2025","","org.eclipse.tractusx.edc.tests.transfer.AzureToAzureEndToEndTest","org.eclipse.tractusx.edc.tests.transfer.AzureToAzureEndToEndTest","azureBlobPush_containerNotExist"
"","28","Policy is accepted Affiliates Region","","Mon Aug 11 04:06:23 GMT 2025","passed","Mon Aug 11 04:06:23 GMT 2025","","org.eclipse.tractusx.edc.tests.policy.PolicyDefinitionEndToEndTest","org.eclipse.tractusx.edc.tests.policy.PolicyDefinitionEndToEndTest","shouldNotAcceptInvalidValidPolicyDefinitions"
"","47","Policy is accepted Contract reference","","Mon Aug 11 04:06:24 GMT 2025","passed","Mon Aug 11 04:06:24 GMT 2025","","org.eclipse.tractusx.edc.tests.policy.PolicyDefinitionEndToEndTest","org.eclipse.tractusx.edc.tests.policy.PolicyDefinitionEndToEndTest","shouldAcceptValidPolicyDefinitions"
"","9920","azureBlobPush_withoutDestFolder()","","Mon Aug 11 04:05:49 GMT 2025","passed","Mon Aug 11 04:05:59 GMT 2025","","org.eclipse.tractusx.edc.tests.transfer.AzureToAzureEndToEndTest","org.eclipse.tractusx.edc.tests.transfer.AzureToAzureEndToEndTest","azureBlobPush_withoutDestFolder"
"","39","Policy is accepted Dismantler allowedBrands (IN, fully contained)","","Mon Aug 11 04:06:24 GMT 2025","passed","Mon Aug 11 04:06:24 GMT 2025","","org.eclipse.tractusx.edc.tests.policy.PolicyDefinitionEndToEndTest","org.eclipse.tractusx.edc.tests.policy.PolicyDefinitionEndToEndTest","shouldAcceptValidPolicyDefinitions"
"","1297","Refresh token is null or empty (missing) [1] null","","Mon Aug 11 04:04:55 GMT 2025","passed","Mon Aug 11 04:04:56 GMT 2025","","org.eclipse.tractusx.edc.dataplane.tokenrefresh.e2e.DataPlaneTokenRefreshEndToEndTest","org.eclipse.tractusx.edc.dataplane.tokenrefresh.e2e.DataPlaneTokenRefreshEndToEndTest","refresh_invalidRefreshToken"
"","4528","transferData_failing_withProxyOriginalResponse_withoutSourceResponseBody()","","Mon Aug 11 04:08:29 GMT 2025","passed","Mon Aug 11 04:08:33 GMT 2025","","org.eclipse.tractusx.edc.tests.transfer.TransferPullEndToEndTest.Dsp08to08","org.eclipse.tractusx.edc.tests.transfer.TransferPullEndToEndTest$Dsp08to08","transferData_failing_withProxyOriginalResponse_withoutSourceResponseBody"
"","15216","transferData_withTerminate()","","Mon Aug 11 04:08:14 GMT 2025","passed","Mon Aug 11 04:08:29 GMT 2025","","org.eclipse.tractusx.edc.tests.transfer.TransferPullEndToEndTest.Dsp08to08","org.eclipse.tractusx.edc.tests.transfer.TransferPullEndToEndTest$Dsp08to08","transferData_withTerminate"
"","39","Policy is accepted Affiliates BPNL","","Mon Aug 11 04:06:23 GMT 2025","passed","Mon Aug 11 04:06:23 GMT 2025","","org.eclipse.tractusx.edc.tests.policy.PolicyDefinitionEndToEndTest","org.eclipse.tractusx.edc.tests.policy.PolicyDefinitionEndToEndTest","shouldNotAcceptInvalidValidPolicyDefinitions"
"","990","refreshEdr()","","Mon Aug 11 04:05:20 GMT 2025","passed","Mon Aug 11 04:05:21 GMT 2025","","org.eclipse.tractusx.edc.tests.edrv2.EdrCacheApiEndToEndTest","org.eclipse.tractusx.edc.tests.edrv2.EdrCacheApiEndToEndTest","refreshEdr"
"","3316","Contract policy is fulfilled Dismantler allowedBrands (IS_ANY_OF, one intersects)","","Mon Aug 11 04:08:44 GMT 2025","passed","Mon Aug 11 04:08:48 GMT 2025","","org.eclipse.tractusx.edc.tests.transfer.StsConsumerPullTest","org.eclipse.tractusx.edc.tests.transfer.StsConsumerPullTest","transferData_whenContractPolicyFulfilled"
"","4538","transferData_failing_withProxyOriginalResponse_withoutSourceResponseBody()","","Mon Aug 11 04:07:07 GMT 2025","passed","Mon Aug 11 04:07:12 GMT 2025","","org.eclipse.tractusx.edc.tests.transfer.TransferPullEndToEndTest.Dsp2025to2025","org.eclipse.tractusx.edc.tests.transfer.TransferPullEndToEndTest$Dsp2025to2025","transferData_failing_withProxyOriginalResponse_withoutSourceResponseBody"
